100120001	阿尔娃
100120002	阿芙拉
100120003	阿莉
100120004	阿曼达
100120005	阿曼妲
100120006	阿米莉
100120007	艾达
100120008	艾妲
100120009	艾德琳
100120010	艾文娜
100120011	艾尔玛
100120012	艾尔莎
100120013	艾拉
100120014	艾莉卡
100120015	艾莉森
100120016	艾丽卡
100120017	艾琳
100120018	艾琳娜
100120019	艾琳诺
100120020	艾伦
100120021	艾玛
100120022	艾咪
100120023	艾蜜莉
100120024	艾娜
100120025	艾谱莉
100120026	艾瑞丝
100120027	艾瑟儿
100120028	艾薇儿
100120029	艾丝特
100120030	艾娃
100120031	艾薇
100120032	艾薇拉
100120033	艾西
100120034	爱得拉
100120035	爱德拉
100120036	爱铂塔
100120037	爱尔莎
100120038	爱妮丝
100120039	爱葛莎
100120040	爱莉丝
100120041	爱丽丝
100120042	爱琳
100120043	爱玛
100120044	爱普丽
100120045	安柏
100120046	安薇尔
100120047	安德丽
100120048	安妮儿
100120049	安瑟迩
100120050	安娜
100120051	丽贝塔
100120052	安娜
100120053	安妮
100120054	安琪拉
100120055	安西雅
100120056	奥黛莉
100120057	奥德莉
100120058	奥莉亚
100120059	奥列特
100120060	奥菲莉
100120061	奥塔薇
100120062	奥莉芙
100120063	奥薇尔
100120064	奥丽芙
100120065	奥丽斯
100120066	奥萝拉
100120067	芭芭拉
100120068	白兰琪
100120069	百丽儿
100120070	柏妮丝
100120071	柏莎
100120072	邦妮
100120073	宝拉
100120074	宝琳
100120075	贝蒂
100120076	贝芙莉
100120077	贝芙丽
100120078	贝拉
100120079	贝琳达
100120080	贝琪
100120081	贝丝
100120082	蓓姬
100120083	碧翠丝
100120084	波比
100120085	伯妮丝
100120086	布莱兹
100120087	布兰妲
100120088	布兰琪
100120089	布丽特
100120090	查莉丝
100120091	彻丽
100120092	翠丝特
100120093	翠西
100120094	达莲娜
100120095	黛安娜
100120096	黛碧
100120097	黛博拉
100120098	黛布拉
100120099	黛儿
100120100	黛芙妮
100120101	黛曼德
100120102	黛娜
100120103	黛西
100120104	黛西
100120105	丹尼丝
100120106	道恩
100120107	迪得莉
100120108	迪丽雅
100120109	蒂芙妮
100120110	蒂娜
100120111	杜达
100120112	多拉
100120113	多莉丝
100120114	多琳
100120115	多莉丝
100120116	多尼卡
100120117	朵拉丝
100120118	朵拉西
100120119	尔莎
100120120	耳舒拉
100120121	法伦汀
100120122	范迪娜
100120123	范妮
100120124	梵妮
100120125	菲碧
100120126	菲翠卡
100120127	菲莉丝
100120128	菲丽丝
100120129	菲妮克
100120130	斐
100120131	斐莉雅
100120132	斐欧娜
100120133	费丝
100120134	费怡
100120135	费滋
100120136	弗西丝
100120137	弗莉达
100120138	弗莉妲
100120139	弗罗拉
100120140	弗伦丝
100120141	弗洛拉
100120142	弗妮卡
100120143	盖尔
100120144	葛塔芙
100120145	葛蒂丝
100120146	葛蕾丝
100120147	葛薇儿
100120148	葛瑞雅
100120149	葛莉雅
100120150	葛瑞丝
100120151	关德琳
100120152	哈莉特
100120153	哈丽特
100120154	海伦
100120155	海洛丝
100120156	海柔尔
100120157	汉娜
100120158	汉妮
100120159	何蒙莎
100120160	荷莉
100120161	贺普
100120162	赫达
100120163	赫蒂
100120164	胡达
100120165	华莉丝
100120166	姬儿
100120167	姬儿
100120168	姬玛
100120169	吉蒂
100120170	吉恩
100120171	吉儿
100120172	吉儿
100120173	嘉碧拉
100120174	贾桂琳
100120175	贾桂琳
100120176	贾丝敏
100120177	贾思琳
100120178	娇拉汀
100120179	杰西嘉
100120180	洁姬
100120181	洁西
100120182	洁西卡
100120183	婕咪
100120184	婕西
100120185	金百莉
100120186	卡拉
100120187	卡伦
100120188	卡萝
100120189	卡洛
100120190	卡洛儿
100120191	卡洛琳
100120192	卡玛
100120193	卡门
100120194	卡蜜拉
100120195	凯
100120196	凯莉
100120197	凯伦
100120198	凯瑟琳
100120199	凯丝
100120200	凯特莉
100120201	凯伊
100120202	坎黛丝
100120203	坎蒂丝
100120204	康薇尔
100120205	柯拉
100120206	科琳娜
100120207	克莉雅
100120208	克莱儿
100120209	克莱尔
100120210	克莱拉
100120211	克莉丝
100120212	克缇丝
100120213	克薇尔
100120214	克蜜莉
100120215	克莉芬
100120216	克蒂雅
100120217	克洛怡
100120218	奎妮
100120219	昆蒂娜
100120220	昆娜
100120221	莱思莉
100120222	雷琪儿
100120223	雷思丽
100120224	蕾佳娜
100120225	蕾娜塔
100120226	蕾妮
100120227	莉达
100120228	莉薇儿
100120229	莉蒂亚
100120230	莉拉
100120231	莉莉
100120232	莉莉斯
100120233	莉莲
100120234	莉娜
100120235	莉莎
100120236	莉斯
100120237	莉娃
100120238	李奥娜
100120239	丽蓓卡
100120240	丽莲
100120241	丽诺斯
100120242	丽莎
100120243	丽塔
100120244	琳达
100120245	琳赛
100120246	露比
100120247	露露
100120248	露丝
100120249	露修尔
100120250	露西
100120251	鲁碧
100120252	鲁思
100120253	路易丝
100120254	璐易丝
100120255	罗拉
100120256	罗琳
100120257	罗丝
100120258	萝勃塔
100120259	萝拉
100120260	萝伦
100120261	萝瑞尔
100120262	萝莎
100120263	萝斯
100120264	萝丝
100120265	洛贝卡
100120266	洛莉
100120267	洛伦
100120268	马丽娜
100120269	玛德琳
100120270	玛蒂娜
100120271	玛洛特
100120272	玛修
100120273	玛姬
100120274	玛可欣
100120275	玛拉
100120276	玛丽
100120277	玛丽安
100120278	玛丽亚
100120279	玛佩尔
100120280	玛琪
100120281	玛乔丽
100120282	玛莎
100120283	玛莎
100120284	玛西亚
100120285	玛希
100120286	麦格
100120287	曼蒂
100120288	梅根
100120289	梅乐蒂
100120290	梅莉
100120291	梅丽莎
100120292	梅蜜
100120293	梅薇丝
100120294	梅薇思
100120295	蒙丽莎
100120296	梦娜
100120297	米兰达
100120298	米雪儿
100120299	蜜尔娜
100120300	蜜拉贝
100120301	蜜莉恩
100120302	蜜妮安
100120303	蜜雪儿
100120304	蜜雪莉
100120305	摩黛丝
100120306	茉莉
100120307	茉伊拉
100120308	莫妮卡
100120309	默希
100120310	穆得
100120311	穆得莉
100120312	穆丽儿
100120313	穆琳
100120314	内丽
100120315	纳丁
100120316	娜特莉
100120317	娜提雅
100120318	南茜
100120319	妮蒂亚
100120320	妮可
100120321	妮可拉
100120322	妮娜
100120323	诺拉
100120324	诺玛
100120325	诺维雅
100120326	欧尔佳
100120327	帕特莉
100120328	翠西亚
100120329	潘朵拉
100120330	潘蜜拉
100120331	娜洛普
100120332	潘妮
100120333	佩儿
100120334	佩格
100120335	佩姬
100120336	珀比
100120337	珀娥
100120338	珀莉
100120339	普莉玛
100120340	普鲁斯
100120341	绮莉
100120342	绮丽儿
100120343	乔安娜
100120344	乔蒂
100120345	乔姬娜
100120346	乔丝琳
100120347	乔伊
100120348	乔伊丝
100120349	乔治亚
100120350	琼安
100120351	琼安娜
100120352	瑞琪儿
100120353	瑞伊
100120354	若拉
100120355	若娜
100120356	若伊
100120357	萨琳娜
100120358	塞莉娜
100120359	塞莉亚
100120360	赛拉
100120361	赛薇亚
100120362	桑席
100120363	莎利雅
100120364	莎琳娜
100120365	莎碧娜
100120366	莎莉
100120367	莎莉丝
100120368	莎伦
100120369	莎洛姆
100120370	莎曼撤
100120371	珊德拉
100120372	珊朵拉
100120373	史黛丝
100120374	史蒂芬
100120375	史特拉
100120376	丝柏凌
100120377	丝特勒
100120378	苏菲亚
100120379	苏珊
100120380	苏珊娜
100120381	苏西
100120382	索菲雅
100120383	索妮雅
100120384	索珊
100120385	泰贝莎
100120386	泰丽莎
100120387	泰蜜
100120388	泰瑞莎
100120389	泰瑞莎
100120390	泰丝
100120391	唐娜
100120392	唐娜
100120393	桃乐斯
100120394	特雷西
100120395	潼恩
100120396	托比
100120397	瓦勒莉
100120398	瓦妮莎
100120399	薇妮莎
100120400	维奥蕾
100120401	维达
100120402	维科多
100120403	维尔拉
100120404	维薇尔
100120405	维妮亚
100120406	维拉
100120407	维妮卡
100120408	维隆卡
100120409	维纳斯
100120410	维娜
100120411	维琪
100120412	维维恩
100120413	维文
100120414	温蒂
100120415	温妮
100120416	温妮佛
100120417	温妮莎
100120418	西格莉
100120419	西莉雅
100120420	西丝莉
100120421	西维亚
100120422	希贝儿
100120423	希伯来
100120424	希尔达
100120425	希拉
100120426	希拉瑞
100120427	席拉
100120428	席梦娜
100120429	夏洛特
100120430	仙蒂
100120431	谢莉儿
100120432	辛蒂
100120433	辛西亚
100120434	雪莉
100120435	雪莉
100120436	雪丽
100120437	雪伦
100120438	雅典娜
100120439	亚莉莎
100120440	亚克斯
100120441	亚珊琼
100120442	耶达
100120443	伊蒂丝
100120444	伊甸
100120445	伊凡
100120446	伊芳娜
100120447	伊芳
100120448	伊芙
100120449	伊芙琳
100120450	伊莱恩
100120451	伊瑟
100120452	伊莲恩
100120453	伊妮德
100120454	伊瑥特
100120455	伊斯丽
100120456	伊丝特
100120457	伊娃
100120458	伊薇特
100120459	伊瑥琳
100120460	耶芙特
100120461	依耶塔
100120462	英格丽
100120463	英格尔
100120464	优拉
100120465	优娜
100120466	尤朵拉
100120467	尤娜
100120468	尤妮丝
100120469	约瑟芬
100120470	约瑟芬
100120471	珍妮
100120472	珍妮弗
100120473	珍妮芙
100120474	珍妮特
100120475	珍尼佛
100120476	珍尼丝
100120477	芝妮雅
100120478	朱蒂
100120479	朱蒂斯
100120480	朱恩
100120481	朱莉
100120482	朱莉雅
100120483	朱丽叶